{
    "DialogShowWheel": 1b,
    "AvailabilityQuestId": -1,
    "Options": [
        {
            "OptionSlot": 0,
            "Option": {
                "DialogCommand": "",
                "Dialog": 7,
                "Title": "¿Como obtengo tecnicas de Ki?",
                "DialogColor": 129533,
                "OptionType": 1
            }
        },
        {
            "OptionSlot": 1,
            "Option": {
                "DialogCommand": "",
                "Dialog": 8,
                "Title": "¿Como hago para hacer misiones?",
                "DialogColor": 3274515,
                "OptionType": 1
            }
        },
        {
            "OptionSlot": 2,
            "Option": {
                "DialogCommand": "",
                "Dialog": 9,
                "Title": "Gracias por la informacion Trunks",
                "DialogColor": 15576330,
                "OptionType": 1
            }
        }
    ],
    "DialogHideNPC": 0b,
    "AvailabilityFactionStance": 0,
    "AvailabilityQuest": 0,
    "AvailabilityDialog4": 0,
    "AvailabilityDialog3": 0,
    "AvailabilityQuest2": 0,
    "AvailabilityQuest3": 0,
    "AvailabilityQuest4": 0,
    "ModRev": 16,
    "DecreaseFaction1Points": 0b,
    "DialogQuest": -1,
    "AvailabilityDialog2": 0,
    "OptionFactions1": -1,
    "AvailabilityDayTime": 0,
    "OptionFactions2": -1,
    "AvailabilityFaction2Id": -1,
    "OptionFaction1Points": 100,
    "DialogDisableEsc": 0b,
    "AvailabilityFaction": 0,
    "DialogTitle": "Presentacion",
    "AvailabilityDialog": 0,
    "AvailabilityFaction2": 0,
    "DialogSound": "jinryuudragonbc:records.DBC2",
    "AvailabilityFactionId": -1,
    "AvailabilityFaction2Stance": 0,
    "DialogCommand": "",
    "AvailabilityDialogId": -1,
    "OptionFaction2Points": 100,
    "DialogText": "Hola amigo, tu eres @p, o me equivoco?...Quien soy?Yo soy &9Trunks &f,vengo de un futuro alterno,estoy aqui para ayudar a los novatos a guiarse,de seguro tu eres un &6Saiyajin &fal igual que yo...COMO QUE NO SABES QUE SON LOS SAIYAJINS?!!Me sorprende que no sepas que es tu propia raza,La raza &6Saiyajin &fes una especie que lo que mas se caracteriza son las Batallas,hay diferentes clases de los saiyans.&4Clase Guerrera &f,eston son los mas destacados, ya que eston tienen como caracteristicas ser mas fuertes y mas resistentes en batalla.&3Clase Artista Marcial &f, estos buscan mas la agilidad y la tecnica en una batalla cuerpo a cuerpo.&2Clase Espiritualista &f,estos son mas de las tecnincas de KI y son mas reservados en la batalla cuerpo a cuerpo,no se sabe tanto pero con esta Info ojala que te guies",
    "AvailabilityQuest4Id": -1,
    "AvailabilityQuest3Id": -1,
    "AvailabilityQuest2Id": -1,
    "AvailabilityDialog2Id": -1,
    "AvailabilityDialog3Id": -1,
    "AvailabilityDialog4Id": -1,
    "AvailabilityMinPlayerLevel": 0,
    "DecreaseFaction2Points": 0b,
    "DialogMail": {
        "Sender": "",
        "BeenRead": 0b,
        "Message": {
        },
        "MailItems": [
        ],
        "MailQuest": -1,
        "TimePast": 1716952632476L,
        "Time": 0L,
        "Subject": ""
    }
}
