{
    "DialogShowWheel": 0b,
    "AvailabilityQuestId": -1,
    "Options": [
        {
            "OptionSlot": 0,
            "Option": {
                "DialogCommand": "",
                "Dialog": -1,
                "Title": "Gracias,que te vaya bien Trunks",
                "DialogColor": 14737632,
                "OptionType": 0
            }
        }
    ],
    "DialogHideNPC": 0b,
    "AvailabilityFactionStance": 0,
    "AvailabilityQuest": 0,
    "AvailabilityDialog4": 0,
    "AvailabilityDialog3": 0,
    "AvailabilityQuest2": 0,
    "AvailabilityQuest3": 0,
    "AvailabilityQuest4": 0,
    "ModRev": 16,
    "DecreaseFaction1Points": 0b,
    "DialogQuest": -1,
    "AvailabilityDialog2": 0,
    "OptionFactions1": -1,
    "AvailabilityDayTime": 0,
    "OptionFactions2": -1,
    "AvailabilityFaction2Id": -1,
    "OptionFaction1Points": 100,
    "DialogDisableEsc": 0b,
    "AvailabilityFaction": 0,
    "DialogTitle": "¿Como hago para hacer Misiones?",
    "AvailabilityDialog": 0,
    "AvailabilityFaction2": 0,
    "AvailabilityFactionId": -1,
    "AvailabilityFaction2Stance": 0,
    "DialogCommand": "",
    "AvailabilityDialogId": -1,
    "OptionFaction2Points": 100,
    "DialogText": "Para hacer &2Misiones &f,tienes que interactuar con la gente que anda por el spawn y por todos lados,cada que completes una mision eston te recompensaran con grandes cosas,pero eso por supuesto,depende de tun nivel.Si no tienes misiones o practicamente no estan al nivel,podrias hablar con &1Vegeta &f(Si eres &6Saiyan &f) y te llevara a un lugar para entrenar bien,o el &4Modo Historia &fde este Mundo.El &4Modo Historia &fte mostrara como hizo que este lugar este como esta hoy en dia,pero tendras que ayudar a &6Goku &fy sus amigis ,ya que escuche que hay problemas en la Linea Temporal,ayuda a &6Goku &fen sus inicios y tendras &3recompensas &f.Bueno esos es todo,ojala te vaya bien.",
    "AvailabilityQuest4Id": -1,
    "AvailabilityQuest3Id": -1,
    "AvailabilityQuest2Id": -1,
    "AvailabilityDialog2Id": -1,
    "AvailabilityDialog3Id": -1,
    "AvailabilityDialog4Id": -1,
    "AvailabilityMinPlayerLevel": 0,
    "DecreaseFaction2Points": 0b,
    "DialogMail": {
        "Sender": "",
        "BeenRead": 0b,
        "Message": {
        },
        "MailItems": [
        ],
        "MailQuest": -1,
        "TimePast": 1716952938327L,
        "Time": 0L,
        "Subject": ""
    }
}
