{
    "TransportData": [
    ],
    "NpcsTimers": [
    ],
    "FactionData": [
        {
            "Points": 2000,
            "Faction": 0
        }
    ],
    "BankData": [
    ],
    "ItemGiversList": [
    ],
    "AllowAnimation": 0b,
    "QuestData": {
        "CompletedQuests": [
        ],
        "ActiveQuests": [
        ]
    },
    "PlayerCompanionId": 0,
    "DialogData": [
        {
            "Dialog": 4
        }
    ],
    "ItemGiverChained": [
    ],
    "SkinOverlayData": [
    ],
    "isGUIOpen": 0b,
    "MailData": [
    ],
    "PlayerName": "Lucas_KU1017",
    "UUID": "f8bdb199-60e6-3034-a00e-5259eb998859",
    "TrackedQuestID": -1
}
