{
    "ItemGiverChained": [
    ],
    "TransportData": [
    ],
    "FactionData": [
        {
            "Points": 2000,
            "Faction": 0
        },
        {
            "Points": 1000,
            "Faction": 1
        }
    ],
    "BankData": [
    ],
    "ItemGiversList": [
    ],
    "MailData": [
    ],
    "PlayerName": "Lucas_KU1017",
    "QuestData": {
        "CompletedQuests": [
            {
                "Quest": 1,
                "Date": 580167L
            }
        ],
        "ActiveQuests": [
            {
                "QuestCompleted": 1b,
                "ExtraData": {
                    "Killed": [
                        {
                            "Value": 1,
                            "Slot": "Yamcha"
                        }
                    ]
                },
                "Quest": 1
            }
        ]
    },
    "UUID": "f8bdb199-60e6-3034-a00e-5259eb998859",
    "PlayerCompanionId": 0,
    "DialogData": [
        {
            "Dialog": 4
        },
        {
            "Dialog": 5
        },
        {
            "Dialog": 6
        },
        {
            "Dialog": 7
        },
        {
            "Dialog": 8
        },
        {
            "Dialog": 9
        },
        {
            "Dialog": 10
        },
        {
            "Dialog": 11
        },
        {
            "Dialog": 12
        }
    ]
}
