{
    "TransportData": [
    ],
    "NpcsTimers": [
    ],
    "FactionData": [
        {
            "Points": 2000,
            "Faction": 0
        },
        {
            "Points": 1000,
            "Faction": 1
        },
        {
            "Points": 0,
            "Faction": 2
        },
        {
            "Points": 1000,
            "Faction": 3
        },
        {
            "Points": 1000,
            "Faction": 5
        }
    ],
    "BankData": [
    ],
    "ItemGiversList": [
    ],
    "AllowAnimation": 0b,
    "QuestData": {
        "CompletedQuests": [
            {
                "Quest": 1,
                "Date": 355446L
            }
        ],
        "ActiveQuests": [
        ]
    },
    "PlayerCompanionId": 0,
    "DialogData": [
        {
            "Dialog": 5
        },
        {
            "Dialog": 6
        }
    ],
    "ItemGiverChained": [
    ],
    "SkinOverlayData": [
    ],
    "isGUIOpen": 0b,
    "MailData": [
    ],
    "PlayerName": "Lucas_KU1017",
    "UUID": "f8bdb199-60e6-3034-a00e-5259eb998859",
    "TrackedQuestID": -1
}
