{"stats":{"minecraft:broken":{"minecraft:stone_pickaxe":1},"minecraft:used":{"minecraft:stone_pickaxe":217,"minecraft:wooden_pickaxe":37,"minecraft:gravel":2,"minecraft:stone_axe":24,"minecraft:white_wool":1,"minecraft:torch":6,"minecraft:crafting_table":2,"minecraft:furnace":1},"minecraft:custom":{"minecraft:time_since_rest":22924,"minecraft:interact_with_furnace":5,"minecraft:walk_one_cm":45570,"minecraft:mob_kills":4,"minecraft:damage_dealt":350,"minecraft:interact_with_crafting_table":6,"minecraft:crouch_one_cm":1078,"minecraft:play_time":22924,"minecraft:sneak_time":907,"minecraft:jump":87,"minecraft:leave_game":1,"minecraft:time_since_death":22924,"minecraft:total_world_time":22924,"minecraft:fall_one_cm":209},"minecraft:mined":{"minecraft:birch_log":30,"minecraft:birch_leaves":4,"minecraft:crafting_table":1,"minecraft:coal_ore":23,"minecraft:gravel":4,"minecraft:dirt":14,"minecraft:copper_ore":6,"minecraft:stone":200,"minecraft:white_wool":1},"minecraft:picked_up":{"minecraft:birch_log":30,"minecraft:crafting_table":1,"minecraft:leather":2,"minecraft:gravel":3,"minecraft:porkchop":6,"minecraft:flint":1,"minecraft:dirt":14,"minecraft:raw_copper":22,"minecraft:beef":2,"minecraft:mutton":2,"minecraft:coal":23,"minecraft:white_wool":2,"minecraft:cobblestone":191},"minecraft:crafted":{"minecraft:charcoal":5,"minecraft:cooked_porkchop":1,"minecraft:crafting_table":1,"minecraft:stick":16,"minecraft:wooden_pickaxe":1,"minecraft:stone_pickaxe":2,"minecraft:furnace":1,"minecraft:birch_button":1,"minecraft:torch":20,"minecraft:birch_planks":24,"minecraft:stone_axe":1,"minecraft:cooked_mutton":2},"minecraft:killed":{"minecraft:sheep":1,"minecraft:pig":2,"minecraft:cow":1}},"DataVersion":3465}