{"stat.useItem.20":49,"stat.useItem.155":3,"stat.walkOneCm":387591,"stat.useItem.159":242,"stat.useItem.116":1,"stat.leaveGame":18,"stat.killEntity.Creeper":53,"stat.jump":381,"achievement.exploreAllBiomes":{"value":0,"progress":["Birch Forest Hills","Roofed Forest","Birch Forest","Extreme Hills+","River","Forest","Plains","Extreme Hills","Swampland","Dirty Stony"]},"stat.useItem.35":72,"stat.useItem.171":94,"stat.useItem.42":683,"stat.killEntity.Skeleton":44,"stat.useItem.89":100,"achievement.openInventory":86,"stat.damageTaken":-6,"stat.killEntity.Spider":18,"stat.killEntity.Enderman":5,"stat.mobKills":198,"stat.flyOneCm":1692164,"stat.deaths":6,"stat.drop":37,"stat.useItem.145":1,"stat.useItem.95":3,"stat.playOneMinute":277761,"stat.killEntity.Witch":2,"stat.useItem.1":240,"stat.useItem.3":64,"stat.damageDealt":2230,"stat.killEntity.Zombie":47,"stat.useItem.17":15,"stat.killEntity.Cow":1,"stat.useItem.18":103}