{"stat.useItem.20":49,"stat.useItem.155":3,"stat.walkOneCm":204692,"stat.useItem.159":69,"stat.useItem.116":1,"stat.leaveGame":6,"stat.killEntity.Creeper":27,"stat.jump":226,"achievement.exploreAllBiomes":{"value":0,"progress":["Birch Forest Hills","Roofed Forest","Birch Forest","Extreme Hills+","River","Forest","Plains","Extreme Hills","Swampland","Dirty Stony"]},"stat.useItem.35":8,"stat.useItem.171":12,"stat.useItem.42":575,"stat.killEntity.Skeleton":21,"stat.useItem.89":81,"achievement.openInventory":56,"stat.damageTaken":-4,"stat.killEntity.Spider":11,"stat.killEntity.Enderman":1,"stat.mobKills":107,"stat.flyOneCm":1091796,"stat.deaths":4,"stat.drop":16,"stat.useItem.145":1,"stat.useItem.95":2,"stat.playOneMinute":147177,"stat.killEntity.Witch":1,"stat.useItem.1":240,"stat.useItem.3":21,"stat.damageDealt":1180,"stat.killEntity.Zombie":35,"stat.useItem.17":15,"stat.useItem.18":103}