{"stat.useItem.42":303,"stat.useItem.20":49,"stat.useItem.155":3,"stat.killEntity.Skeleton":15,"stat.useItem.89":79,"stat.walkOneCm":146019,"stat.useItem.159":65,"achievement.openInventory":31,"stat.leaveGame":4,"stat.damageTaken":-4,"stat.killEntity.Spider":8,"stat.mobKills":60,"stat.killEntity.Creeper":6,"stat.flyOneCm":937436,"stat.deaths":4,"stat.drop":16,"stat.jump":162,"stat.playOneMinute":107156,"stat.useItem.1":240,"stat.useItem.3":21,"stat.damageDealt":700,"stat.killEntity.Zombie":22,"stat.useItem.17":15,"stat.useItem.18":103,"achievement.exploreAllBiomes":{"value":0,"progress":["Birch Forest Hills","Roofed Forest","Birch Forest","Extreme Hills+","River","Forest","Plains","Extreme Hills","Swampland","Dirty Stony"]},"stat.useItem.35":6}