{"stats":{"minecraft:dropped":{"minecraft:birch_log":2},"minecraft:custom":{"minecraft:jump":28,"minecraft:time_since_rest":4010,"minecraft:damage_dealt":15,"minecraft:leave_game":2,"minecraft:play_time":4010,"minecraft:time_since_death":4010,"minecraft:walk_one_cm":6257,"minecraft:sneak_time":17,"minecraft:total_world_time":4010,"minecraft:drop":2,"minecraft:fall_one_cm":418},"minecraft:picked_up":{"minecraft:birch_log":3},"minecraft:mined":{"minecraft:birch_leaves":1,"minecraft:birch_log":1}},"DataVersion":3120}