{"stats":{"minecraft:custom":{"minecraft:time_since_rest":3972,"minecraft:crouch_one_cm":32,"minecraft:play_time":44351,"minecraft:sprint_one_cm":1463,"minecraft:damage_taken":255,"minecraft:walk_one_cm":42481,"minecraft:deaths":1,"minecraft:sneak_time":182,"minecraft:drop":1,"minecraft:jump":77,"minecraft:damage_dealt":18,"minecraft:leave_game":15,"minecraft:time_since_death":0,"minecraft:total_world_time":44351,"minecraft:interact_with_crafting_table":4,"minecraft:fall_one_cm":418,"minecraft:fly_one_cm":8130},"minecraft:used":{"minecraft:stone_hoe":1,"minecraft:stone_axe":19,"minecraft:crafting_table":2,"minecraft:birch_sapling":8,"minecraft:wooden_pickaxe":5},"minecraft:mined":{"minecraft:grass_block":3,"minecraft:dirt":12,"minecraft:birch_log":38,"minecraft:stone":5,"minecraft:birch_leaves":5,"minecraft:crafting_table":2},"minecraft:killed_by":{"minecraft:spider":1},"minecraft:picked_up":{"minecraft:birch_log":38,"minecraft:crafting_table":2,"minecraft:birch_sapling":9,"minecraft:dirt":15,"minecraft:cobblestone":5},"minecraft:crafted":{"minecraft:birch_wood":3,"minecraft:birch_planks":68,"minecraft:stone_hoe":1,"minecraft:stone_axe":1,"minecraft:crafting_table":1,"minecraft:stick":12,"minecraft:wooden_pickaxe":1},"minecraft:dropped":{"minecraft:stone_hoe":1}},"DataVersion":3465}