{"stat.useItem.351":68,"stat.walkOneCm":668030,"stat.useItem.278":1,"stat.leaveGame":22,"stat.killEntity.Creeper":5,"stat.jump":459,"stat.swimOneCm":358,"stat.climbOneCm":557,"stat.fallOneCm":2000,"achievement.exploreAllBiomes":{"value":0,"progress":["Cold Taiga Hills","Cold Taiga","Other World type 4","FrozenRiver","Ice Plains","Cold Beach","River","Ocean","Deep Ocean"]},"stat.useItem.42":9,"stat.useItem.44":170,"stat.killEntity.Skeleton":10,"stat.useItem.89":2,"stat.useItem.139":194,"achievement.openInventory":117,"stat.useItem.138":1,"stat.damageTaken":82476,"stat.killEntity.Spider":4,"stat.killEntity.Enderman":2,"stat.mobKills":73,"stat.useItem.97":10,"stat.useItem.98":136,"stat.flyOneCm":1525780,"stat.deaths":4,"stat.useItem.12":15,"stat.drop":17,"stat.useItem.95":19,"stat.playOneMinute":467564,"stat.useItem.1":104,"stat.useItem.109":228,"stat.useItem.3":151,"stat.damageDealt":1640,"stat.killEntity.Zombie":2,"stat.killEntity.Silverfish":1,"stat.useItem.17":121,"stat.useItem.18":447}