{
  "minecraft:recipes/misc/charcoal": {
    "criteria": {
      "has_log": "2024-05-24 22:02:54 +0000"
    },
    "done": true
  },
  "minecraft:recipes/building_blocks/birch_wood": {
    "criteria": {
      "has_log": "2024-05-24 22:02:54 +0000"
    },
    "done": true
  },
  "minecraft:adventure/adventuring_time": {
    "criteria": {
      "minecraft:old_growth_birch_forest": "2024-05-24 21:57:51 +0000"
    },
    "done": false
  },
  "minecraft:recipes/building_blocks/birch_planks": {
    "criteria": {
      "has_logs": "2024-05-24 22:02:54 +0000"
    },
    "done": true
  },
  "DataVersion": 3120
}