{
    "CompleterNpc": "Roshi",
    "NextQuestId": -1,
    "RandomReward": 0b,
    "QuestRepeat": 1,
    "QuestCompletion": 0,
    "Title": "Mision Roshi Nv10-150",
    "Text": "",
    "QuestFactionPoints": {
        "DecreaseFaction1Points": 0b,
        "OptionFaction2Points": 100,
        "OptionFactions1": -1,
        "OptionFactions2": -1,
        "OptionFaction1Points": 100,
        "DecreaseFaction2Points": 0b
    },
    "RewardExp": 0,
    "QuestCommand": "/jrmctp 50000 @p",
    "QuestDialogs": [
        {
            "Value": 1,
            "Slot": "Yamcha"
        }
    ],
    "ModRev": 16,
    "Type": 2,
    "QuestMail": {
        "Sender": "",
        "BeenRead": 0b,
        "Message": {
        },
        "MailItems": [
        ],
        "MailQuest": -1,
        "TimePast": 1716997510449L,
        "Time": 0L,
        "Subject": ""
    },
    "Rewards": {
        "NpcMiscInv": [
            {
                "Slot": 0b,
                "id": "jinryuudragonblockc:ItemSenzu",
                "Count": 5b,
                "Damage": 0s
            },
            {
                "Slot": 1b,
                "id": "jinryuudragonblockc:ItemSenzu",
                "Count": 5b,
                "Damage": 0s
            },
            {
                "Slot": 2b,
                "id": "jinryuudragonblockc:ItemDinoMeatCooked",
                "Count": 16b,
                "Damage": 0s
            },
            {
                "Slot": 3b,
                "id": "jinryuudragonblockc:ItemSenzu",
                "Count": 5b,
                "Damage": 0s
            },
            {
                "Slot": 4b,
                "id": "jinryuudragonblockc:ItemDinoMeatCooked",
                "Count": 16b,
                "Damage": 0s
            },
            {
                "Slot": 6b,
                "id": "jinryuudragonblockc:ItemSenzu",
                "Count": 5b,
                "Damage": 0s
            },
            {
                "Slot": 7b,
                "id": "jinryuudragonblockc:ItemDinoMeatCooked",
                "Count": 16b,
                "Damage": 0s
            }
        ]
    },
    "CompleteText": "Muchas gracias por ayudar a &6Yamcha &fa entrenar,ahora se le ve fuerte, te dare una &9recompensa &fpor ayudarnos.",
    "NextQuestTitle": ""
}
