{
    "CompleterNpc": "Kami",
    "NextQuestId": -1,
    "RandomReward": 0b,
    "QuestRepeat": 1,
    "QuestCompletion": 0,
    "Title": "Tecnica de volar aprendida",
    "Text": "",
    "QuestFactionPoints": {
        "DecreaseFaction1Points": 0b,
        "OptionFaction2Points": 100,
        "OptionFactions1": -1,
        "OptionFactions2": -1,
        "OptionFaction1Points": 100,
        "DecreaseFaction2Points": 0b
    },
    "RewardExp": 0,
    "QuestCommand": "/dbcskill give fly @dp",
    "QuestDialogs": [
        {
            "Integer": 7,
            "Slot": 0
        }
    ],
    "ModRev": 21,
    "Type": 1,
    "QuestMail": {
        "Sender": "",
        "BeenRead": 0b,
        "Message": {
        },
        "MailItems": [
        ],
        "MailQuest": -1,
        "TimePast": 1717537051532L,
        "Time": 0L,
        "Subject": ""
    },
    "Rewards": {
        "NpcMiscInv": [
        ]
    },
    "CompleteText": "&6&lPues ahi tienes.Si &6&lquieres &6&lvolar usa la tecla F &2&l¡¡Sube &2&lalla arriba y disfruta!!",
    "NextQuestTitle": ""
}
